n_Gen,n_Eval,general_HV,n_valid,valid_HV,min_CV,mean_CV,max_CV,time
1,400,0.09537054654610558,0,0.0,0.09549723447327507,1328.577090703639,130661.25669609554,25456.243355083003
2,600,0.09198404482995615,1,0.0,0.0,3121.9526755499146,138760.4564465236,22323.707109666997
3,800,0.11970688523645534,1,0.0,0.0,2496.292029422478,249506.37929660766,12838.787231709008
4,1000,0.10571842271962426,1,0.0,0.0,2204.1756725773266,387280.79765915504,10677.975309791
5,1200,0.20242101926502673,1,0.0,0.0,291.9626378493541,12280.027473954784,15284.946931583007
6,1400,0.20728267253990668,0,0.0,2.867421182406115,1499.4742049442884,240971.51877747383,12712.242036750002
7,1600,0.20175725751296691,1,0.03268874073558005,0.0,1489.0656331484352,240971.51877747383,18329.574515083994
8,1800,0.20665593714172278,0,0.0,1.2542243537202906,1416.4721442512416,240971.51877747383,20092.090337167
