n_Gen,n_Eval,general_HV,n_valid,valid_HV,min_CV,mean_CV,max_CV,time
1,400,0.14753851248448513,4,0.008872057314329983,0.0,371.97697657050844,42800.21543238454,45127.69909925001
2,600,0.15104176967778254,2,0.002467748646676668,0.0,375.6024261591177,42800.21543238454,29197.443102584002
3,800,0.7612403684732852,2,0.008846600811242543,0.0,5237.58655049831,1020673.0226521321,17864.653827792004
4,1000,0.7593011241461585,1,0.002321470068033995,0.0,5242.288725160227,1020673.0226521321,11587.26881033399
5,1200,0.7785706069186399,0,0.0,0.0824959912962463,4965.685481211555,961239.5351135086,7912.545820540996
6,1400,0.7811162360227278,1,0.0,0.0,4968.062174093513,961239.5351135086,7591.590859166987
7,1600,0.8038884852153949,0,0.0,0.2954207911059502,11984.042709488414,1262182.0509016144,6690.4785481670115
8,1800,0.161955196900137,1,0.021976190516699738,0.0,203.73614847454047,5982.534309374558,8836.800246166997
