n_Gen,n_Eval,general_HV,n_valid,valid_HV,min_CV,mean_CV,max_CV,time
1,400,0.07628430091329756,2,0.012915389070260644,0.0,127.63634887275899,329.4587211830262,24271.970011709
2,600,0.08672702612696784,1,0.0,0.0,157.06673050264737,2392.5714736856107,19263.981354707998
3,800,0.0706191343578991,5,0.024037436953120446,0.0,153.95544737374664,2508.7584992764955,18133.188947208007
4,1000,0.054550158479342775,3,0.041564042881698994,0.0,153.62214907091874,336.5619644160797,14551.709716958008
5,1200,0.10044897657627053,1,0.0,0.0,171.57316713885047,514.2849318168111,13254.252239249996
6,1400,0.08952935711959355,0,0.0,0.4248462683483335,171.44928358722794,337.6950779641345,9320.834192291004
7,1600,0.1182303671690541,1,0.0,0.0,185.01077902972503,1833.3061882613833,11366.508452915994
8,1800,0.1382501542591369,2,0.005729913571653118,0.0,720.5921635096519,106922.5034337006,11965.311931334
9,2000,0.5993063960773797,4,0.005729913571653118,0.0,8076.935503021884,1471858.7293370583,12043.823857207986
